{
  "total_weeks": 299,
  "original_system_accuracy": 0.8896321070234113,
  "new_system_accuracy": 0.7625418060200669,
  "accuracy_improvement": -0.12709030100334448,
  "different_predictions": 52,
  "different_predictions_rate": 0.17391304347826086,
  "original_correct_count": 266,
  "new_correct_count": 228
}